port_id,berth,cargo_use,max_loa_m,max_beam_m,max_draft_m,max_dwt_t,max_displacement_t,discharge_rate_tpd,source_title,source_url,source_date,accessed,notes
paradip,Capesize-capable berths incl. Western Dock-1 (WD-1),coking coal import (WD-1),300,46,16.5,155000,,,Paradip Port Authority website notice,https://paradipport.gov.in/,undated,2026-09-28,"First 16.5 m draft Capesize berthed at WD-1 on 6 Sep 2026: MV Mineral Kwangyang, 292 m LOA, 45 m beam, 152,702 t coking coal from Hay Point (https://www.drybulkmagazine.com/ports-terminals/10092026/historic-maritime-milestone-at-paradip-port/). Per-berth table (2020 circular) no longer online."
vizag,VGCB (outer harbour),coal import (mechanised),300,50,18.1,200000,,,Visakhapatnam Port Authority Traffic Dept: berth dimensions,https://vpt.shipping.gov.in/admin_assets/uploads/1640237145_Berth%20Details.pdf,2021-12,2026-09-28,"Same limits in Marine Dept table of Sep 2021 (https://vizagport.com/wp-content/uploads/2021/09/2.-Allowable-LOABeamDraft-of-the-vessels-as-on-September-2021.pdf), tide 1.0 m. When a 300 m Cape is at VGCB, OB-I is limited to 260 m LOA."
gangavaram,Berth 5,coal / coke (priority),292,,18.0,200000,236000,,Adani Gangavaram Port BPTS/AGPL/06 (w.e.f. 1 Oct 2024),https://cdn.gac.com/prod/docs/INDIA-Gangavaram_New-BPTS-Oct-2024.pdf,2024-10-01,2026-09-28,"Port document hosted by agent GAC. max_dwt is the port-wide maximum vessel size. Beam not published. Newer BPTS revisions may exist."
gangavaram,Berth 6,coal / coke (priority),300,,18.0,200000,236000,,Adani Gangavaram Port BPTS/AGPL/06 (w.e.f. 1 Oct 2024),https://cdn.gac.com/prod/docs/INDIA-Gangavaram_New-BPTS-Oct-2024.pdf,2024-10-01,2026-09-28,"Port document hosted by agent GAC. max_dwt is the port-wide maximum vessel size. Beam not published."
gopalpur,Port (berth-level limits not verified),coal (semi-mechanised),,,14.5,,,,Adani Ports: Gopalpur Port page,https://www.adaniports.com/ports-and-terminals/gopalpur-port,undated,2026-09-28,"Page: largest Capesize at 14.5 m draft (so part-laden). Gopalpur Ports Marine Dept PDF of Dec 2022 with per-berth LOA/beam/draft refused connections on 2026-09-28; to verify."
dhamra,BB1,import (mechanised),350,,17.5,,250000,50000,Dhamra Port BPTS_DPC_01 (w.e.f. 1 Oct 2025),https://www.adaniports.com/-/media/Project/Ports/PortsAndTerminals/Quick-Links/Dhamra-BPTS_DPC_01-WEF-1st-Oct-2025.pdf,2025-10-01,2026-09-28,"Draft 17.5 m is the stated Cape capability; actual max draft is promulgated monthly. Loaded Capes (>15 m draft) berth only in tidal windows before high water. Discharge rate is the design figure (over 50,000 t/day for coal)."
dhamra,BB2,import (mechanised),350,,17.5,,250000,50000,Dhamra Port BPTS_DPC_01 (w.e.f. 1 Oct 2025),https://www.adaniports.com/-/media/Project/Ports/PortsAndTerminals/Quick-Links/Dhamra-BPTS_DPC_01-WEF-1st-Oct-2025.pdf,2025-10-01,2026-09-28,"As BB1."
haldia,Impounded dock berths (inside lock),dry bulk incl. coal,230,32,9.0,,,,Ministry of Ports: Sagar Vidya Kosh (Haldia Dock Complex),https://www.mopsw.nic.in/sagarvidyakosh/index.php?title=Haldia_Dock_Complex,undated,2026-09-28,"Riverine port, draft depends on tide and season (2 tides/day); mainly Handysize 28-40k DWT. Beam 32 m from SMP pre-bid reply 2026 (https://smportkolkata.shipping.gov.in/smpk/hld/wp-content/uploads/sites/3/2026/05/Pre-bid-reply.pdf). Observed drafts at berth 8.0-9.2 m in SMP daily position of 29 Jun 2026."
sandheads,Sandheads anchorage (transloading),transloading to barges / smaller ships,,,,,,,Ministry of Ports: Sagar Vidya Kosh (Haldia Dock Complex),https://www.mopsw.nic.in/sagarvidyakosh/index.php?title=Haldia_Dock_Complex,undated,2026-09-28,"Anchorage water depth 40-50 m, so draft is not binding; cargo moves by floating crane to barges or smaller ships for Haldia / Kolkata. Sagar anchorage: 9-10 m depth. Transloading rate not yet sourced."
