origin,destination,variant,distance_nm,passages,via_torres_strait,via_danish_straits,method
hay_point,paradip,shortest,4899,malacca,True,False,searoute 1.6.0 (Eurostat MARNET)
hay_point,paradip,deep_draft,5813,malacca,False,False,searoute 1.6.0 (Eurostat MARNET)
hay_point,paradip,avoid_suez,5813,malacca,False,False,searoute 1.6.0 (Eurostat MARNET)
hay_point,vizag,shortest,4927,malacca,True,False,searoute 1.6.0 (Eurostat MARNET)
hay_point,vizag,deep_draft,5841,malacca,False,False,searoute 1.6.0 (Eurostat MARNET)
hay_point,vizag,avoid_suez,5841,malacca,False,False,searoute 1.6.0 (Eurostat MARNET)
hay_point,gangavaram,shortest,4927,malacca,True,False,searoute 1.6.0 (Eurostat MARNET)
hay_point,gangavaram,deep_draft,5841,malacca,False,False,searoute 1.6.0 (Eurostat MARNET)
hay_point,gangavaram,avoid_suez,5841,malacca,False,False,searoute 1.6.0 (Eurostat MARNET)
hay_point,gopalpur,shortest,5007,malacca,True,False,searoute 1.6.0 (Eurostat MARNET)
hay_point,gopalpur,deep_draft,5921,malacca,False,False,searoute 1.6.0 (Eurostat MARNET)
hay_point,gopalpur,avoid_suez,5921,malacca,False,False,searoute 1.6.0 (Eurostat MARNET)
hay_point,dhamra,shortest,4899,malacca,True,False,searoute 1.6.0 (Eurostat MARNET)
hay_point,dhamra,deep_draft,5813,malacca,False,False,searoute 1.6.0 (Eurostat MARNET)
hay_point,dhamra,avoid_suez,5813,malacca,False,False,searoute 1.6.0 (Eurostat MARNET)
hay_point,sandheads,shortest,4899,malacca,True,False,searoute 1.6.0 (Eurostat MARNET)
hay_point,sandheads,deep_draft,5813,malacca,False,False,searoute 1.6.0 (Eurostat MARNET)
hay_point,sandheads,avoid_suez,5813,malacca,False,False,searoute 1.6.0 (Eurostat MARNET)
hay_point,haldia,shortest,4968,malacca,True,False,searoute 1.6.0 (Eurostat MARNET)
hay_point,haldia,deep_draft,5882,malacca,False,False,searoute 1.6.0 (Eurostat MARNET)
hay_point,haldia,avoid_suez,5882,malacca,False,False,searoute 1.6.0 (Eurostat MARNET)
gladstone,paradip,shortest,5074,malacca,True,False,searoute 1.6.0 (Eurostat MARNET)
gladstone,paradip,deep_draft,5879,malacca,False,False,searoute 1.6.0 (Eurostat MARNET)
gladstone,paradip,avoid_suez,5879,malacca,False,False,searoute 1.6.0 (Eurostat MARNET)
gladstone,vizag,shortest,5101,malacca,True,False,searoute 1.6.0 (Eurostat MARNET)
gladstone,vizag,deep_draft,5907,malacca,False,False,searoute 1.6.0 (Eurostat MARNET)
gladstone,vizag,avoid_suez,5907,malacca,False,False,searoute 1.6.0 (Eurostat MARNET)
gladstone,gangavaram,shortest,5101,malacca,True,False,searoute 1.6.0 (Eurostat MARNET)
gladstone,gangavaram,deep_draft,5907,malacca,False,False,searoute 1.6.0 (Eurostat MARNET)
gladstone,gangavaram,avoid_suez,5907,malacca,False,False,searoute 1.6.0 (Eurostat MARNET)
gladstone,gopalpur,shortest,5181,malacca,True,False,searoute 1.6.0 (Eurostat MARNET)
gladstone,gopalpur,deep_draft,5987,malacca,False,False,searoute 1.6.0 (Eurostat MARNET)
gladstone,gopalpur,avoid_suez,5987,malacca,False,False,searoute 1.6.0 (Eurostat MARNET)
gladstone,dhamra,shortest,5074,malacca,True,False,searoute 1.6.0 (Eurostat MARNET)
gladstone,dhamra,deep_draft,5879,malacca,False,False,searoute 1.6.0 (Eurostat MARNET)
gladstone,dhamra,avoid_suez,5879,malacca,False,False,searoute 1.6.0 (Eurostat MARNET)
gladstone,sandheads,shortest,5074,malacca,True,False,searoute 1.6.0 (Eurostat MARNET)
gladstone,sandheads,deep_draft,5879,malacca,False,False,searoute 1.6.0 (Eurostat MARNET)
gladstone,sandheads,avoid_suez,5879,malacca,False,False,searoute 1.6.0 (Eurostat MARNET)
gladstone,haldia,shortest,5142,malacca,True,False,searoute 1.6.0 (Eurostat MARNET)
gladstone,haldia,deep_draft,5948,malacca,False,False,searoute 1.6.0 (Eurostat MARNET)
gladstone,haldia,avoid_suez,5948,malacca,False,False,searoute 1.6.0 (Eurostat MARNET)
hampton_roads,paradip,shortest,9904,babalmandab;gibraltar;suez,False,False,searoute 1.6.0 (Eurostat MARNET)
hampton_roads,paradip,deep_draft,9904,babalmandab;gibraltar;suez,False,False,searoute 1.6.0 (Eurostat MARNET)
hampton_roads,paradip,avoid_suez,12222,south_africa,False,False,searoute 1.6.0 (Eurostat MARNET)
hampton_roads,vizag,shortest,9650,babalmandab;gibraltar;suez,False,False,searoute 1.6.0 (Eurostat MARNET)
hampton_roads,vizag,deep_draft,9650,babalmandab;gibraltar;suez,False,False,searoute 1.6.0 (Eurostat MARNET)
hampton_roads,vizag,avoid_suez,11968,south_africa,False,False,searoute 1.6.0 (Eurostat MARNET)
hampton_roads,gangavaram,shortest,9650,babalmandab;gibraltar;suez,False,False,searoute 1.6.0 (Eurostat MARNET)
hampton_roads,gangavaram,deep_draft,9650,babalmandab;gibraltar;suez,False,False,searoute 1.6.0 (Eurostat MARNET)
hampton_roads,gangavaram,avoid_suez,11968,south_africa,False,False,searoute 1.6.0 (Eurostat MARNET)
hampton_roads,gopalpur,shortest,9730,babalmandab;gibraltar;suez,False,False,searoute 1.6.0 (Eurostat MARNET)
hampton_roads,gopalpur,deep_draft,9730,babalmandab;gibraltar;suez,False,False,searoute 1.6.0 (Eurostat MARNET)
hampton_roads,gopalpur,avoid_suez,12048,south_africa,False,False,searoute 1.6.0 (Eurostat MARNET)
hampton_roads,dhamra,shortest,9904,babalmandab;gibraltar;suez,False,False,searoute 1.6.0 (Eurostat MARNET)
hampton_roads,dhamra,deep_draft,9904,babalmandab;gibraltar;suez,False,False,searoute 1.6.0 (Eurostat MARNET)
hampton_roads,dhamra,avoid_suez,12222,south_africa,False,False,searoute 1.6.0 (Eurostat MARNET)
hampton_roads,sandheads,shortest,9904,babalmandab;gibraltar;suez,False,False,searoute 1.6.0 (Eurostat MARNET)
hampton_roads,sandheads,deep_draft,9904,babalmandab;gibraltar;suez,False,False,searoute 1.6.0 (Eurostat MARNET)
hampton_roads,sandheads,avoid_suez,12222,south_africa,False,False,searoute 1.6.0 (Eurostat MARNET)
hampton_roads,haldia,shortest,9973,babalmandab;gibraltar;suez,False,False,searoute 1.6.0 (Eurostat MARNET)
hampton_roads,haldia,deep_draft,9973,babalmandab;gibraltar;suez,False,False,searoute 1.6.0 (Eurostat MARNET)
hampton_roads,haldia,avoid_suez,12291,south_africa,False,False,searoute 1.6.0 (Eurostat MARNET)
baltimore,paradip,shortest,10040,babalmandab;gibraltar;suez,False,False,searoute 1.6.0 (Eurostat MARNET)
baltimore,paradip,deep_draft,10040,babalmandab;gibraltar;suez,False,False,searoute 1.6.0 (Eurostat MARNET)
baltimore,paradip,avoid_suez,12358,south_africa,False,False,searoute 1.6.0 (Eurostat MARNET)
baltimore,vizag,shortest,9786,babalmandab;gibraltar;suez,False,False,searoute 1.6.0 (Eurostat MARNET)
baltimore,vizag,deep_draft,9786,babalmandab;gibraltar;suez,False,False,searoute 1.6.0 (Eurostat MARNET)
baltimore,vizag,avoid_suez,12104,south_africa,False,False,searoute 1.6.0 (Eurostat MARNET)
baltimore,gangavaram,shortest,9786,babalmandab;gibraltar;suez,False,False,searoute 1.6.0 (Eurostat MARNET)
baltimore,gangavaram,deep_draft,9786,babalmandab;gibraltar;suez,False,False,searoute 1.6.0 (Eurostat MARNET)
baltimore,gangavaram,avoid_suez,12104,south_africa,False,False,searoute 1.6.0 (Eurostat MARNET)
baltimore,gopalpur,shortest,9866,babalmandab;gibraltar;suez,False,False,searoute 1.6.0 (Eurostat MARNET)
baltimore,gopalpur,deep_draft,9866,babalmandab;gibraltar;suez,False,False,searoute 1.6.0 (Eurostat MARNET)
baltimore,gopalpur,avoid_suez,12184,south_africa,False,False,searoute 1.6.0 (Eurostat MARNET)
baltimore,dhamra,shortest,10040,babalmandab;gibraltar;suez,False,False,searoute 1.6.0 (Eurostat MARNET)
baltimore,dhamra,deep_draft,10040,babalmandab;gibraltar;suez,False,False,searoute 1.6.0 (Eurostat MARNET)
baltimore,dhamra,avoid_suez,12358,south_africa,False,False,searoute 1.6.0 (Eurostat MARNET)
baltimore,sandheads,shortest,10040,babalmandab;gibraltar;suez,False,False,searoute 1.6.0 (Eurostat MARNET)
baltimore,sandheads,deep_draft,10040,babalmandab;gibraltar;suez,False,False,searoute 1.6.0 (Eurostat MARNET)
baltimore,sandheads,avoid_suez,12358,south_africa,False,False,searoute 1.6.0 (Eurostat MARNET)
baltimore,haldia,shortest,10109,babalmandab;gibraltar;suez,False,False,searoute 1.6.0 (Eurostat MARNET)
baltimore,haldia,deep_draft,10109,babalmandab;gibraltar;suez,False,False,searoute 1.6.0 (Eurostat MARNET)
baltimore,haldia,avoid_suez,12427,south_africa,False,False,searoute 1.6.0 (Eurostat MARNET)
nacala,paradip,shortest,3879,,False,False,searoute 1.6.0 (Eurostat MARNET)
nacala,paradip,deep_draft,3879,,False,False,searoute 1.6.0 (Eurostat MARNET)
nacala,paradip,avoid_suez,3879,,False,False,searoute 1.6.0 (Eurostat MARNET)
nacala,vizag,shortest,3625,,False,False,searoute 1.6.0 (Eurostat MARNET)
nacala,vizag,deep_draft,3625,,False,False,searoute 1.6.0 (Eurostat MARNET)
nacala,vizag,avoid_suez,3625,,False,False,searoute 1.6.0 (Eurostat MARNET)
nacala,gangavaram,shortest,3625,,False,False,searoute 1.6.0 (Eurostat MARNET)
nacala,gangavaram,deep_draft,3625,,False,False,searoute 1.6.0 (Eurostat MARNET)
nacala,gangavaram,avoid_suez,3625,,False,False,searoute 1.6.0 (Eurostat MARNET)
nacala,gopalpur,shortest,3705,,False,False,searoute 1.6.0 (Eurostat MARNET)
nacala,gopalpur,deep_draft,3705,,False,False,searoute 1.6.0 (Eurostat MARNET)
nacala,gopalpur,avoid_suez,3705,,False,False,searoute 1.6.0 (Eurostat MARNET)
nacala,dhamra,shortest,3879,,False,False,searoute 1.6.0 (Eurostat MARNET)
nacala,dhamra,deep_draft,3879,,False,False,searoute 1.6.0 (Eurostat MARNET)
nacala,dhamra,avoid_suez,3879,,False,False,searoute 1.6.0 (Eurostat MARNET)
nacala,sandheads,shortest,3879,,False,False,searoute 1.6.0 (Eurostat MARNET)
nacala,sandheads,deep_draft,3879,,False,False,searoute 1.6.0 (Eurostat MARNET)
nacala,sandheads,avoid_suez,3879,,False,False,searoute 1.6.0 (Eurostat MARNET)
nacala,haldia,shortest,3948,,False,False,searoute 1.6.0 (Eurostat MARNET)
nacala,haldia,deep_draft,3948,,False,False,searoute 1.6.0 (Eurostat MARNET)
nacala,haldia,avoid_suez,3948,,False,False,searoute 1.6.0 (Eurostat MARNET)
maputo,paradip,shortest,4601,,False,False,searoute 1.6.0 (Eurostat MARNET)
maputo,paradip,deep_draft,4601,,False,False,searoute 1.6.0 (Eurostat MARNET)
maputo,paradip,avoid_suez,4601,,False,False,searoute 1.6.0 (Eurostat MARNET)
maputo,vizag,shortest,4347,,False,False,searoute 1.6.0 (Eurostat MARNET)
maputo,vizag,deep_draft,4347,,False,False,searoute 1.6.0 (Eurostat MARNET)
maputo,vizag,avoid_suez,4347,,False,False,searoute 1.6.0 (Eurostat MARNET)
maputo,gangavaram,shortest,4347,,False,False,searoute 1.6.0 (Eurostat MARNET)
maputo,gangavaram,deep_draft,4347,,False,False,searoute 1.6.0 (Eurostat MARNET)
maputo,gangavaram,avoid_suez,4347,,False,False,searoute 1.6.0 (Eurostat MARNET)
maputo,gopalpur,shortest,4427,,False,False,searoute 1.6.0 (Eurostat MARNET)
maputo,gopalpur,deep_draft,4427,,False,False,searoute 1.6.0 (Eurostat MARNET)
maputo,gopalpur,avoid_suez,4427,,False,False,searoute 1.6.0 (Eurostat MARNET)
maputo,dhamra,shortest,4601,,False,False,searoute 1.6.0 (Eurostat MARNET)
maputo,dhamra,deep_draft,4601,,False,False,searoute 1.6.0 (Eurostat MARNET)
maputo,dhamra,avoid_suez,4601,,False,False,searoute 1.6.0 (Eurostat MARNET)
maputo,sandheads,shortest,4601,,False,False,searoute 1.6.0 (Eurostat MARNET)
maputo,sandheads,deep_draft,4601,,False,False,searoute 1.6.0 (Eurostat MARNET)
maputo,sandheads,avoid_suez,4601,,False,False,searoute 1.6.0 (Eurostat MARNET)
maputo,haldia,shortest,4670,,False,False,searoute 1.6.0 (Eurostat MARNET)
maputo,haldia,deep_draft,4670,,False,False,searoute 1.6.0 (Eurostat MARNET)
maputo,haldia,avoid_suez,4670,,False,False,searoute 1.6.0 (Eurostat MARNET)
beira,paradip,shortest,4385,,False,False,searoute 1.6.0 (Eurostat MARNET)
beira,paradip,deep_draft,4385,,False,False,searoute 1.6.0 (Eurostat MARNET)
beira,paradip,avoid_suez,4385,,False,False,searoute 1.6.0 (Eurostat MARNET)
beira,vizag,shortest,4130,,False,False,searoute 1.6.0 (Eurostat MARNET)
beira,vizag,deep_draft,4130,,False,False,searoute 1.6.0 (Eurostat MARNET)
beira,vizag,avoid_suez,4130,,False,False,searoute 1.6.0 (Eurostat MARNET)
beira,gangavaram,shortest,4130,,False,False,searoute 1.6.0 (Eurostat MARNET)
beira,gangavaram,deep_draft,4130,,False,False,searoute 1.6.0 (Eurostat MARNET)
beira,gangavaram,avoid_suez,4130,,False,False,searoute 1.6.0 (Eurostat MARNET)
beira,gopalpur,shortest,4210,,False,False,searoute 1.6.0 (Eurostat MARNET)
beira,gopalpur,deep_draft,4210,,False,False,searoute 1.6.0 (Eurostat MARNET)
beira,gopalpur,avoid_suez,4210,,False,False,searoute 1.6.0 (Eurostat MARNET)
beira,dhamra,shortest,4385,,False,False,searoute 1.6.0 (Eurostat MARNET)
beira,dhamra,deep_draft,4385,,False,False,searoute 1.6.0 (Eurostat MARNET)
beira,dhamra,avoid_suez,4385,,False,False,searoute 1.6.0 (Eurostat MARNET)
beira,sandheads,shortest,4385,,False,False,searoute 1.6.0 (Eurostat MARNET)
beira,sandheads,deep_draft,4385,,False,False,searoute 1.6.0 (Eurostat MARNET)
beira,sandheads,avoid_suez,4385,,False,False,searoute 1.6.0 (Eurostat MARNET)
beira,haldia,shortest,4453,,False,False,searoute 1.6.0 (Eurostat MARNET)
beira,haldia,deep_draft,4453,,False,False,searoute 1.6.0 (Eurostat MARNET)
beira,haldia,avoid_suez,4453,,False,False,searoute 1.6.0 (Eurostat MARNET)
vostochny,paradip,shortest,4612,malacca,False,False,searoute 1.6.0 (Eurostat MARNET)
vostochny,paradip,deep_draft,4612,malacca,False,False,searoute 1.6.0 (Eurostat MARNET)
vostochny,paradip,avoid_suez,4612,malacca,False,False,searoute 1.6.0 (Eurostat MARNET)
vostochny,vizag,shortest,4640,malacca,False,False,searoute 1.6.0 (Eurostat MARNET)
vostochny,vizag,deep_draft,4640,malacca,False,False,searoute 1.6.0 (Eurostat MARNET)
vostochny,vizag,avoid_suez,4640,malacca,False,False,searoute 1.6.0 (Eurostat MARNET)
vostochny,gangavaram,shortest,4640,malacca,False,False,searoute 1.6.0 (Eurostat MARNET)
vostochny,gangavaram,deep_draft,4640,malacca,False,False,searoute 1.6.0 (Eurostat MARNET)
vostochny,gangavaram,avoid_suez,4640,malacca,False,False,searoute 1.6.0 (Eurostat MARNET)
vostochny,gopalpur,shortest,4720,malacca,False,False,searoute 1.6.0 (Eurostat MARNET)
vostochny,gopalpur,deep_draft,4720,malacca,False,False,searoute 1.6.0 (Eurostat MARNET)
vostochny,gopalpur,avoid_suez,4720,malacca,False,False,searoute 1.6.0 (Eurostat MARNET)
vostochny,dhamra,shortest,4612,malacca,False,False,searoute 1.6.0 (Eurostat MARNET)
vostochny,dhamra,deep_draft,4612,malacca,False,False,searoute 1.6.0 (Eurostat MARNET)
vostochny,dhamra,avoid_suez,4612,malacca,False,False,searoute 1.6.0 (Eurostat MARNET)
vostochny,sandheads,shortest,4612,malacca,False,False,searoute 1.6.0 (Eurostat MARNET)
vostochny,sandheads,deep_draft,4612,malacca,False,False,searoute 1.6.0 (Eurostat MARNET)
vostochny,sandheads,avoid_suez,4612,malacca,False,False,searoute 1.6.0 (Eurostat MARNET)
vostochny,haldia,shortest,4681,malacca,False,False,searoute 1.6.0 (Eurostat MARNET)
vostochny,haldia,deep_draft,4681,malacca,False,False,searoute 1.6.0 (Eurostat MARNET)
vostochny,haldia,avoid_suez,4681,malacca,False,False,searoute 1.6.0 (Eurostat MARNET)
vanino,paradip,shortest,5109,malacca,False,False,searoute 1.6.0 (Eurostat MARNET)
vanino,paradip,deep_draft,5109,malacca,False,False,searoute 1.6.0 (Eurostat MARNET)
vanino,paradip,avoid_suez,5109,malacca,False,False,searoute 1.6.0 (Eurostat MARNET)
vanino,vizag,shortest,5137,malacca,False,False,searoute 1.6.0 (Eurostat MARNET)
vanino,vizag,deep_draft,5137,malacca,False,False,searoute 1.6.0 (Eurostat MARNET)
vanino,vizag,avoid_suez,5137,malacca,False,False,searoute 1.6.0 (Eurostat MARNET)
vanino,gangavaram,shortest,5137,malacca,False,False,searoute 1.6.0 (Eurostat MARNET)
vanino,gangavaram,deep_draft,5137,malacca,False,False,searoute 1.6.0 (Eurostat MARNET)
vanino,gangavaram,avoid_suez,5137,malacca,False,False,searoute 1.6.0 (Eurostat MARNET)
vanino,gopalpur,shortest,5217,malacca,False,False,searoute 1.6.0 (Eurostat MARNET)
vanino,gopalpur,deep_draft,5217,malacca,False,False,searoute 1.6.0 (Eurostat MARNET)
vanino,gopalpur,avoid_suez,5217,malacca,False,False,searoute 1.6.0 (Eurostat MARNET)
vanino,dhamra,shortest,5109,malacca,False,False,searoute 1.6.0 (Eurostat MARNET)
vanino,dhamra,deep_draft,5109,malacca,False,False,searoute 1.6.0 (Eurostat MARNET)
vanino,dhamra,avoid_suez,5109,malacca,False,False,searoute 1.6.0 (Eurostat MARNET)
vanino,sandheads,shortest,5109,malacca,False,False,searoute 1.6.0 (Eurostat MARNET)
vanino,sandheads,deep_draft,5109,malacca,False,False,searoute 1.6.0 (Eurostat MARNET)
vanino,sandheads,avoid_suez,5109,malacca,False,False,searoute 1.6.0 (Eurostat MARNET)
vanino,haldia,shortest,5178,malacca,False,False,searoute 1.6.0 (Eurostat MARNET)
vanino,haldia,deep_draft,5178,malacca,False,False,searoute 1.6.0 (Eurostat MARNET)
vanino,haldia,avoid_suez,5178,malacca,False,False,searoute 1.6.0 (Eurostat MARNET)
ust_luga,paradip,shortest,9108,babalmandab;gibraltar;suez,False,True,searoute 1.6.0 (Eurostat MARNET)
ust_luga,paradip,deep_draft,9108,babalmandab;gibraltar;suez,False,True,searoute 1.6.0 (Eurostat MARNET)
ust_luga,paradip,avoid_suez,12798,south_africa,False,True,searoute 1.6.0 (Eurostat MARNET)
ust_luga,vizag,shortest,8854,babalmandab;gibraltar;suez,False,True,searoute 1.6.0 (Eurostat MARNET)
ust_luga,vizag,deep_draft,8854,babalmandab;gibraltar;suez,False,True,searoute 1.6.0 (Eurostat MARNET)
ust_luga,vizag,avoid_suez,12543,south_africa,False,True,searoute 1.6.0 (Eurostat MARNET)
ust_luga,gangavaram,shortest,8854,babalmandab;gibraltar;suez,False,True,searoute 1.6.0 (Eurostat MARNET)
ust_luga,gangavaram,deep_draft,8854,babalmandab;gibraltar;suez,False,True,searoute 1.6.0 (Eurostat MARNET)
ust_luga,gangavaram,avoid_suez,12543,south_africa,False,True,searoute 1.6.0 (Eurostat MARNET)
ust_luga,gopalpur,shortest,8934,babalmandab;gibraltar;suez,False,True,searoute 1.6.0 (Eurostat MARNET)
ust_luga,gopalpur,deep_draft,8934,babalmandab;gibraltar;suez,False,True,searoute 1.6.0 (Eurostat MARNET)
ust_luga,gopalpur,avoid_suez,12623,south_africa,False,True,searoute 1.6.0 (Eurostat MARNET)
ust_luga,dhamra,shortest,9108,babalmandab;gibraltar;suez,False,True,searoute 1.6.0 (Eurostat MARNET)
ust_luga,dhamra,deep_draft,9108,babalmandab;gibraltar;suez,False,True,searoute 1.6.0 (Eurostat MARNET)
ust_luga,dhamra,avoid_suez,12798,south_africa,False,True,searoute 1.6.0 (Eurostat MARNET)
ust_luga,sandheads,shortest,9108,babalmandab;gibraltar;suez,False,True,searoute 1.6.0 (Eurostat MARNET)
ust_luga,sandheads,deep_draft,9108,babalmandab;gibraltar;suez,False,True,searoute 1.6.0 (Eurostat MARNET)
ust_luga,sandheads,avoid_suez,12798,south_africa,False,True,searoute 1.6.0 (Eurostat MARNET)
ust_luga,haldia,shortest,9177,babalmandab;gibraltar;suez,False,True,searoute 1.6.0 (Eurostat MARNET)
ust_luga,haldia,deep_draft,9177,babalmandab;gibraltar;suez,False,True,searoute 1.6.0 (Eurostat MARNET)
ust_luga,haldia,avoid_suez,12866,south_africa,False,True,searoute 1.6.0 (Eurostat MARNET)
tanjung_bara,paradip,shortest,2740,malacca,False,False,searoute 1.6.0 (Eurostat MARNET)
tanjung_bara,paradip,deep_draft,2740,malacca,False,False,searoute 1.6.0 (Eurostat MARNET)
tanjung_bara,paradip,avoid_suez,2740,malacca,False,False,searoute 1.6.0 (Eurostat MARNET)
tanjung_bara,vizag,shortest,2768,malacca,False,False,searoute 1.6.0 (Eurostat MARNET)
tanjung_bara,vizag,deep_draft,2768,malacca,False,False,searoute 1.6.0 (Eurostat MARNET)
tanjung_bara,vizag,avoid_suez,2768,malacca,False,False,searoute 1.6.0 (Eurostat MARNET)
tanjung_bara,gangavaram,shortest,2768,malacca,False,False,searoute 1.6.0 (Eurostat MARNET)
tanjung_bara,gangavaram,deep_draft,2768,malacca,False,False,searoute 1.6.0 (Eurostat MARNET)
tanjung_bara,gangavaram,avoid_suez,2768,malacca,False,False,searoute 1.6.0 (Eurostat MARNET)
tanjung_bara,gopalpur,shortest,2848,malacca,False,False,searoute 1.6.0 (Eurostat MARNET)
tanjung_bara,gopalpur,deep_draft,2848,malacca,False,False,searoute 1.6.0 (Eurostat MARNET)
tanjung_bara,gopalpur,avoid_suez,2848,malacca,False,False,searoute 1.6.0 (Eurostat MARNET)
tanjung_bara,dhamra,shortest,2740,malacca,False,False,searoute 1.6.0 (Eurostat MARNET)
tanjung_bara,dhamra,deep_draft,2740,malacca,False,False,searoute 1.6.0 (Eurostat MARNET)
tanjung_bara,dhamra,avoid_suez,2740,malacca,False,False,searoute 1.6.0 (Eurostat MARNET)
tanjung_bara,sandheads,shortest,2740,malacca,False,False,searoute 1.6.0 (Eurostat MARNET)
tanjung_bara,sandheads,deep_draft,2740,malacca,False,False,searoute 1.6.0 (Eurostat MARNET)
tanjung_bara,sandheads,avoid_suez,2740,malacca,False,False,searoute 1.6.0 (Eurostat MARNET)
tanjung_bara,haldia,shortest,2809,malacca,False,False,searoute 1.6.0 (Eurostat MARNET)
tanjung_bara,haldia,deep_draft,2809,malacca,False,False,searoute 1.6.0 (Eurostat MARNET)
tanjung_bara,haldia,avoid_suez,2809,malacca,False,False,searoute 1.6.0 (Eurostat MARNET)
taboneo,paradip,shortest,2349,malacca,False,False,searoute 1.6.0 (Eurostat MARNET)
taboneo,paradip,deep_draft,2349,malacca,False,False,searoute 1.6.0 (Eurostat MARNET)
taboneo,paradip,avoid_suez,2349,malacca,False,False,searoute 1.6.0 (Eurostat MARNET)
taboneo,vizag,shortest,2377,malacca,False,False,searoute 1.6.0 (Eurostat MARNET)
taboneo,vizag,deep_draft,2377,malacca,False,False,searoute 1.6.0 (Eurostat MARNET)
taboneo,vizag,avoid_suez,2377,malacca,False,False,searoute 1.6.0 (Eurostat MARNET)
taboneo,gangavaram,shortest,2377,malacca,False,False,searoute 1.6.0 (Eurostat MARNET)
taboneo,gangavaram,deep_draft,2377,malacca,False,False,searoute 1.6.0 (Eurostat MARNET)
taboneo,gangavaram,avoid_suez,2377,malacca,False,False,searoute 1.6.0 (Eurostat MARNET)
taboneo,gopalpur,shortest,2457,malacca,False,False,searoute 1.6.0 (Eurostat MARNET)
taboneo,gopalpur,deep_draft,2457,malacca,False,False,searoute 1.6.0 (Eurostat MARNET)
taboneo,gopalpur,avoid_suez,2457,malacca,False,False,searoute 1.6.0 (Eurostat MARNET)
taboneo,dhamra,shortest,2349,malacca,False,False,searoute 1.6.0 (Eurostat MARNET)
taboneo,dhamra,deep_draft,2349,malacca,False,False,searoute 1.6.0 (Eurostat MARNET)
taboneo,dhamra,avoid_suez,2349,malacca,False,False,searoute 1.6.0 (Eurostat MARNET)
taboneo,sandheads,shortest,2349,malacca,False,False,searoute 1.6.0 (Eurostat MARNET)
taboneo,sandheads,deep_draft,2349,malacca,False,False,searoute 1.6.0 (Eurostat MARNET)
taboneo,sandheads,avoid_suez,2349,malacca,False,False,searoute 1.6.0 (Eurostat MARNET)
taboneo,haldia,shortest,2417,malacca,False,False,searoute 1.6.0 (Eurostat MARNET)
taboneo,haldia,deep_draft,2417,malacca,False,False,searoute 1.6.0 (Eurostat MARNET)
taboneo,haldia,avoid_suez,2417,malacca,False,False,searoute 1.6.0 (Eurostat MARNET)
